Temperature,Sex,Metabolic_Rate
26,F,0.524923358
21,F,0.396716094
16,F,4.460626464
26,M,0.539563471
21,M,0.529169906
16,M,2.915445357